Ana Beatriz Souza, 14/03/2001, 24, 123.***.***-01
Bruno Henrique Silva, 22/07/1999, 26, 987.***.***-00
Carla Mendes Oliveira, 01/12/2000, 25, 456.***.***-09
Daniel Rocha Lima, 09/05/1998, 27, 321.***.***-45
Eduarda Figueiredo Santos, 25/11/2002, 23, 159.***.***-20
Felipe Martins Costa, 30/01/2001, 24, 258.***.***-30
Gabriela Araujo Pinto, 19/10/1997, 28, 369.***.***-40
Henrique Carvalho Nunes, 10/02/1999, 26, 741.***.***-50
Isabela Rodrigues Moreira, 04/09/2000, 25, 852.***.***-60
João Pedro Almeida, 20/04/2001, 24, 963.***.***-70
Karen Moura Lima, 11/08/2003, 22, 147.***.***-80
Lucas Gabriel Ribeiro, 28/03/1998, 27, 258.***.***-90
Mariana Castro Gomes, 07/06/2002, 23, 369.***.***-11
Nicolas Barbosa Fernandes, 30/12/1999, 26, 456.***.***-22
Otávio Cardoso Pires, 15/02/2001, 24, 789.***.***-33
Patrícia Moraes Tavares, 09/09/1997, 28, 123.***.***-44
Rafael Cunha Duarte, 02/05/2000, 25, 987.***.***-55
Sara Nogueira Lima, 11/10/2001, 24, 654.***.***-66
Thiago Melo Rocha, 19/07/1999, 26, 321.***.***-77
Vitória Correia Campos, 08/01/2002, 23, 147.***.***-88
Alexandre Freitas Souza, 20/02/1998, 27, 963.***.***-99
Bruna Costa Azevedo, 15/05/2003, 22, 258.***.***-10
Caio Ribeiro Matos, 03/11/2000, 25, 753.***.***-21
Débora Ferreira Cardoso, 28/06/1999, 26, 159.***.***-32
Eduardo Martins Lopes, 24/12/2001, 24, 357.***.***-43
Fernanda Ribeiro Souza, 14/08/1998, 27, 951.***.***-54
Guilherme Andrade Silva, 10/04/1997, 28, 753.***.***-65
Helena Pires Lima, 29/09/2000, 25, 159.***.***-76
Igor Almeida Nascimento, 19/01/1999, 26, 357.***.***-87
Juliana Moura Fernandes, 25/07/2002, 23, 951.***.***-98
Kauã Henrique Dias, 11/02/2001, 24, 741.***.***-09
Larissa Castro Prado, 07/06/1998, 27, 963.***.***-19
Marcelo Nunes Reis, 26/03/1999, 26, 852.***.***-29
Natália Duarte Ribeiro, 15/11/2000, 25, 147.***.***-39
Otávia Santos Luz, 22/04/2003, 22, 258.***.***-49
Paulo Roberto Almeida, 12/01/1998, 27, 369.***.***-59
Rafaela Torres Costa, 18/09/2001, 24, 741.***.***-69
Samuel Nascimento Melo, 29/10/1997, 28, 852.***.***-79
Tatiane Moreira Cunha, 04/02/2000, 25, 963.***.***-89
Vinícius Rocha Oliveira, 06/05/1999, 26, 147.***.***-99
Alice Pereira Souza, 02/03/2002, 23, 258.***.***-08
Bernardo Costa Silva, 14/07/2001, 24, 369.***.***-18
Camila Ribeiro Santos, 08/10/2003, 22, 456.***.***-28
Diego Henrique Lima, 10/12/2000, 25, 789.***.***-38
Evelyn Rocha Matos, 03/11/1998, 27, 123.***.***-48
Fabiana Melo Duarte, 29/08/2002, 23, 987.***.***-58
Gustavo Azevedo Silva, 11/09/2001, 24, 654.***.***-68
Heloísa Martins Costa, 01/10/1999, 26, 321.***.***-78
Isac Nunes Gomes, 19/05/2000, 25, 147.***.***-88
Joana Figueiredo Ramos, 06/04/1998, 27, 963.***.***-98
Letícia Almeida Correia, 03/06/2002, 23, 258.***.***-07
Matheus Carvalho Pires, 18/08/2001, 24, 753.***.***-17
Nicole Torres Lima, 07/01/2003, 22, 159.***.***-27
Pedro Henrique Ramos, 23/03/1999, 26, 357.***.***-37
Renata Barbosa Prado, 16/09/2000, 25, 951.***.***-47
Sérgio Almeida Castro, 30/07/1998, 27, 753.***.***-57
Tainá Gomes Ribeiro, 19/02/2002, 23, 159.***.***-67
Ulysses Faria Mendes, 25/12/1997, 28, 357.***.***-77
Valentina Rocha Souza, 09/11/2001, 24, 951.***.***-87
William Duarte Campos, 27/05/1999, 26, 741.***.***-97
Yasmin Cardoso Araujo, 22/06/2003, 22, 963.***.***-06
Zaqueu Martins Rocha, 12/10/1998, 27, 852.***.***-16
Amanda Ribeiro Melo, 09/03/2000, 25, 147.***.***-26
Breno Costa Duarte, 05/09/2001, 24, 258.***.***-36
Clara Pires Souza, 28/08/1999, 26, 369.***.***-46
Davi Almeida Nogueira, 15/05/2002, 23, 741.***.***-56
Elisa Moura Ribeiro, 02/07/2001, 24, 852.***.***-66
Felipe Nunes Andrade, 19/04/2000, 25, 963.***.***-76
Giovana Castro Lima, 06/02/1998, 27, 147.***.***-86
Heitor Silva Azevedo, 28/12/2003, 22, 258.***.***-96
Ingrid Duarte Moreira, 14/09/2002, 23, 369.***.***-05
João Lucas Costa, 25/10/1999, 26, 456.***.***-15
Karla Fernandes Prado, 10/06/2000, 25, 789.***.***-25
Leonardo Almeida Gomes, 30/03/1998, 27, 123.***.***-35
Marina Torres Vieira, 19/01/2001, 24, 987.***.***-45
Nathalia Pires Cardoso, 26/07/2003, 22, 654.***.***-55
Otávio Ferreira Rocha, 03/02/2000, 25, 321.***.***-65
Paula Nogueira Ramos, 22/12/1998, 27, 147.***.***-75
Ricardo Santos Lima, 11/05/1999, 26, 963.***.***-85
Simone Correia Prado, 02/08/2001, 24, 258.***.***-95
Túlio Carvalho Rocha, 09/10/2002, 23, 753.***.***-04
Ursula Andrade Costa, 05/01/2000, 25, 159.***.***-14
Vitor Henrique Silva, 17/09/1998, 27, 357.***.***-24
Wesley Pires Nogueira, 25/04/2001, 24, 951.***.***-34
Yara Figueiredo Santos, 20/11/1999, 26, 753.***.***-44
Zilda Castro Almeida, 15/02/2003, 22, 159.***.***-54
Alan Torres Campos, 01/12/2000, 25, 357.***.***-64
Beatriz Nunes Silva, 03/09/2001, 24, 951.***.***-74
Carlos Eduardo Lima, 28/05/1998, 27, 741.***.***-84
Denise Ribeiro Cunha, 14/06/2002, 23, 963.***.***-94
Eduarda Farias Gomes, 21/08/2000, 25, 852.***.***-03
